{
  "cli": {
    "version": ">= 10.0.0",
    "appVersionSource": "remote"
  },
  "build": {
    "development": {
      "developmentClient": true,
      "distribution": "internal",
      "ios": {
        "simulator": true
      }
    },
    "preview": {
      "distribution": "internal",
      "ios": {
        "simulator": false
      }
    },
    "production": {
      "ios": {
        "bundleIdentifier": "com.huddler.belvrr"
      },
      "android": {
        "buildType": "apk"
      }
    }
  },
  "submit": {
    "production": {
      "ios": {
        "appleId": "YOUR_APPLE_ID@email.com",
        "ascAppId": "YOUR_APP_STORE_CONNECT_APP_ID",
        "appleTeamId": "YOUR_APPLE_TEAM_ID"
      }
    }
  }
}
